Title,URL,Desc
G Suite: aplikacje dla firm ułatwiające współpracę i ... - Google,https://gsuite.google.pl/intl/pl/,"Wszystko, czego potrzebujesz, w jednym pakiecie. Usługi w pakiecie G Suite. Komunikacja. Kontaktuj się ze współpracownikami ..."
Usługi | G Suite - Google,https://gsuite.google.pl/intl/pl/features/,"G Suite obejmuje firmową wersję Gmaila, edytor tekstu Dokumenty, miejsce na dane w chmurze na Dysku, udostępniane kalendarze w Kalendarzu, ..."
Abonamenty | G Suite - Google,https://gsuite.google.pl/intl/pl/pricing.html,"Miesięczny abonament G Suite dla jednego użytkownika możesz mieć już za 4.68 € w wersji Basic, 9.36 € w wersji Business i 23 € w wersji Enterprise. Najlepsza ..."
Rejestracja konta G Suite - Google Support,https://support.google.com/a/answer/53926?hl=pl,"Zarejestruj się w G Suite, aby korzystać z Gmaila, miejsca na Dysku Google, Kalendarza, dokumentów online, rozmów wideo w Hangouts i innych usług do ..."
G Suite: Poczta Gmail dla firm. Stała cena w PLN | Google ...,https://home.pl/g-suite/,"G Suite: Basic, Business online od Google. Gmail we własnej domenie, kalendarze, dokumenty. Polskie wsparcie, wdrożenia. Sprawdź cennik, wybierz pakiet!"
Czym różni się usługa G Suite od poczty Gmail? » Pomoc ...,https://pomoc.home.pl/baza-wiedzy/czym-rozni-sie-usluga-g-suite-od-poczty-gmail,"G Suite to pakiet inteligentnych aplikacji od Google, które w przeciwieństwie do ich darmowej odmiany (Gmail oraz usługi Google) dedykowany jest firmom."
Warunki korzystania z usługi G Suite - Google,https://gsuite.google.com/intl/pl/terms/user_features.html,"Grupy dyskusyjne Google dla Firm to usługa niedostępna dla Klientów korzystających z bezpłatnej wersji G Suite. „Google Hangouts”, „Hangouts Chat” i „ ..."
G Suite Marketplace - Google,https://gsuite.google.com/marketplace/?hl=pl,"Przeglądaj i instaluj aplikacje, które integrują się z G Suite i zwiększają możliwości tej usługi, między innymi narzędzia administracyjne, CRM czy do ..."
"G Suite – Wikipedia, wolna encyklopedia",https://pl.wikipedia.org/wiki/G_Suite,"Przejdź do sekcji Spotkania Google - G Suite, poprzednio Google Apps for Work – działający w chmurze obliczeniowej pakiet zwiększający produktywność ..."
"G Suite: cennik, opinie, wdrożenia | Oficjalny Partner Google",https://flyonthecloud.com/pl/g-suite/,"G Suite to pakiet niezbędnych narzędzi do pracy online. Firmowa poczta, kalendarz i Arkusze Google. Sprawdź cennik G Suite i przetestuj wybrany pakiet za ..."
G Suite - innowacyjna platforma do komunikacji i współpracy ...,https://www.seiloc.com/rozwiazania/g-suite/,"G Suite to innowacyjna platforma do komunikacji i współpracy od Google. Zawiera Dysk, Kalendarz, pocztę Gmail, Dokumenty, Arkusze, Formularze, ..."
G Suite: centrum zasobów dla organizacji non-profit - Google ...,https://www.google.com/intl/pl/nonprofits/offerings/apps-for-nonprofits/,Zwiększ wydajność współpracy w swojej organizacji non-profit i skup się na najważniejszych zadaniach dzięki inteligentnym i bezpiecznym aplikacjom ...
Wstęp: Czym jest G Suite dla Szkół i Uczelni - YouTube,https://www.youtube.com/watch?v=wpU5OL3l1Ig,
G Suite - pakiet do sprawnej pracy od Google - Benchmark.pl,https://www.benchmark.pl/aktualnosci/g-suite-pakiet-do-sprawnej-pracy-od-google.html,"3 paź 2016 - G Suite to nowa nazwa Apps for Work - pakietu aplikacji dla firm, który z powodzeniem usprawnia pracę i współpracę."
Koronawirus: Google pomaga szkołom - bezpłatne szkolenia ...,https://dailyweb.pl/koronawirus-google-pomaga-szkolom-bezplatne-szkolenia-z-pakietu-g-suite/,18 mar 2020 - Google rozpoczeło właśnie darmowe szkolenia dla uczelni i szkół z pakietu G Suite. W związku z epidemią koronawirusa jest to dość ...
Google udostępni bezpłatnie pakiet G Suite dla szkół i uczelni ...,http://300gospodarka.pl/live/2020/03/18/google-udostepni-bezplatnie-pakiet-g-suite-dla-szkol-i-uczelni/,18 mar 2020 - Zainteresowani otrzymują pomoc w procesie rejestracji oraz wsparcie w pełnym wykorzystaniu pakietu G Suite dla szkół. Webinary będą ...
IT Professional / Temat numeru / Google G Suite – biuro w ...,"http://www.it-professional.pl/temat-numeru/artykul,7906,google-g-suite-biuro-w-chmurze.html",19 lut 2018 - W skład G Suite wchodzą: poczta elektroniczna – oparta na usłudze Gmail. Obsługuje skrzynki imienne oraz grupowe w domenie posiadanej ...
G Suite czyli Google dla Szkół i Uczelni – Szkoła Podstawowa ...,https://sp3lubon.pl/g-suite-czyli-google-dla-szkol-i-uczelni/,"G Suite (dawniej Google Apps dla Szkół) to zintegrowane narzędzia od Google, dzięki nim zdecydowanie prostsza i wygodniejsza jest praca w sieci (te usługi to ..."
"To ci ciekawa zmiana. Ceny G Suite wzrosły, a Office 365 stał ...",https://www.spidersweb.pl/2019/01/g-suite-office-365-ceny.html,"18 sty 2019 - Usługi biurowe Google'a zazwyczaj stanowiły tańszą alternatywę dla Office 365. To niestety przestaje być prawdą, po podwyżce cen za G ..."
Pakiet G Suite | od Google Cloud - Business Display,https://business-display.benq.eu/pl-pl/findproduct/software/google-cloud/g-suite.html,Zrewolucjonizuj współpracę firmową za pomocą pakietu Google G Suite Pakiet G Suite to najwyższej klasy inteligentne rozwiązanie biznesowe w chmurze ...
G Suite - Google Blog,https://www.blog.google/products/g-suite/,"Read the latest new and updates about G Suite, intelligent apps that make your business run better."
G Suite - Zestaw aplikacji biurowych Google od Avalon by ...,https://devoteamcloud.com/pl/produkty/google/g-suite/,"G Suite został stworzony, aby współpraca między rozsianymi po świecie pracownikami, podwykonawcami czy partnerami biznesowymi była prostsza i bardziej ..."
Google G-Suite Edu | Szkoła Podstawowa Katolickiego ...,https://www.spigksw.pl/a/google-g-suite-edu,"G Suite Edu. Szkoła dysponuje 5000 kont usług online od firmy Google Inc., w wersji profesjonalnej, w domenie szkoły spigksw.pl: GMail,; Google Dysk ..."
"Google: darmowy G Suite dla Szkół i Uczelni, telekonferencje ...",https://gsmonline.pl/artykuly/google-koronawirus-w-polsce-uslugi-darmowe,"13 mar 2020 - ... bezpłatnie udostępnia w naszym kraju dostęp do pakietu G Suite dla Szkół i Uczelni. Dzięki takim produktom jak Google Classroom, Dysk, ..."
Jak wykorzystać G Suite w lead generation? | marczak.me,https://marczak.me/g-suite-w-lead-generation/,16 lip 2019 - Witryny Google - pakiet G Suite pozwala na tworzenie prostych stron internetowych. Dzięki temu przy okazji organizowania wydarzenia możliwe ...
G Suite dla firm - profesjonalna poczta bez spamu od Google ...,https://www.gsuitedlafirm.pl/,"Przetestuj pakiet G Suite przez 30 dni całkowicie za darmo! G Suite to profesjonalna poczta dla firm, nielimitowana przestrzeń dyskowa i Arkusze Google."
G Suite: Collaboration & Productivity Apps for Business - Google,https://gsuite.google.co.nz/,"An integrated suite of secure, cloud-native collaboration and productivity apps powered by Google AI. Includes Gmail, Docs, Drive, Calendar, Meet and more."
"Wdrożenia Google G Suite dla firmy, szkoły | Dysk Google dla ...",https://beecloud.pl/,"Oferujemy wdrożenie G Suite dla firm oraz G Suite dla szkół. Bezpiecznapoczta Gmail, brak spamu i wirusów. Skontaktuj się z nami, jeśli interesujeCię ..."
Produkty Google,https://deviniti.com/pl/produkty-google/,"Pakiet aplikacji biurowych dla Firm - Google Apps for Work / Gsuite. ... rozszerzającymi możliwości dla użytkowników G Suite (np. oprogramowanie typu CRM, ..."
"G Suite Google dla Twojej firmy, sprawdź cennik i opinie ...",https://mediaclick.pl/g-suite/,"12 lis 2019 - Twoja firma wszędzie tam gdzie Ty. G Suite to narzędzia, których potrzebujesz do pracy, dostępne online. Twórz i edytuj dokumenty ze swoimi ..."
G-Suite – nowoczesna poczta e-mail od Google (Gmail) - HitMe,https://hitme.pl/g-suite-nowoczesna-poczta-e-mail-od-google-gmail/,"Bezpieczne, działające w chmurze aplikacje do współpracy i zwiększania produktywności, wykorzystujące technologię AI Google. Zamów G-suite dla Twojego ..."
G Suite - Pakiet biurowy od Google | e-direct,https://www.e-direct.pl/pakiet-biurowy-od-google,"Google G Suite jest prosty w konfigurowaniu, obsłudze i zarządzaniu, co pozwala pracować mądrzej i skupić się na tym, co naprawdę ważne dla Twojej firmy."
Najpopularniejsze kursy online na temat G Suite ... - Udemy,https://www.udemy.com/pl/topic/g-suite/,Kursy na temat G Suite. G Suite wiąże się z: Wydajność biuraIT i oprogramowanieGoogle. Uczestnicy kursu z kategorii G Suite uczą się również.
G Suite - GoCloud.PL,https://gocloud.pl/g-suite/,"Pakiet usług G Suite (dawniej Google Apps dla Firm/Google Apps for Work), to przede wszystkim pojemna i bezpieczna poczta elektroniczna."
Google: G Suite now has 2 billion users | ZDNet,https://www.zdnet.com/article/google-g-suite-now-has-2-billion-users/,"13 mar 2020 - G Suite includes Gmail, Calendar, Docs and Sheets, Drive, Hangouts, and Meet. When Google raised prices for G Suite at the beginning of last ..."
Prep for the G Suite certification - Google Applied Digital Skills,https://applieddigitalskills.withgoogle.com/en/gsuitecertification,"Whether you're preparing for the G Suite certification or facilitating it for your students, Applied Digital Skills can help you practice."
G Suite Certification - Teacher Center,https://teachercenter.withgoogle.com/certification_gsuite,"A professional certification from Google that enables students to demonstrate mastery of G Suite applications such as Docs, Sheets, and Slides for the workplace ..."
Google G Suite - WaMedic - Panaceum w IT | Obsługa ...,https://www.wamedic.pl/google-g-suite/,"Przeprowadzamy szkolenia użytkowników. Zapewniamy pomoc techniczną w administracji kontami G Suite, grupami, tworzeniu list mailingowych, udostępnianiu ..."
Jak prowadzić zdalną edukację przy pomocy Google Suite dla ...,https://www.marketinglab.pl/jak-prowadzic-zdalna-edukacje-przy-pomocy-google-suite-dla-szkol-poradnik/,23 mar 2020 - PORADNIK G SUITE DLA SZKÓŁ DO POBRANIA W PDF Co to jest G Suite dla ... Google Classroom – narzędzie dedykowane dla szkół do ...
"G Suite has 2B monthly active users, Google hints at future ...",https://9to5google.com/2020/03/12/google-g-suite-users/,"12 mar 2020 - As of early last year, G Suite had 5 million paying customers in steady growth for the company's Microsoft Office competitor. An interview today ..."
Prepare for the G Suite Certification Exam - Google Digital ...,https://learndigital.withgoogle.com/digitalgarage/course/certified-gsuite,Completing these lessons will help you prepare for G Suite Certification. Getting Google Cloud Certified in G Suite signals to employers your readiness to ...
G Suite (@gsuite) | Twitter,https://twitter.com/gsuite?lang=pl,Die neuesten Tweets von G Suite (@gsuite). ... in these challenging times: Google Meet now serves over 2B minutes of video calls per day around the world.
G Suite and Squarespace basics – Squarespace Help,https://support.squarespace.com/hc/en-us/articles/206542057-G-Suite-and-Squarespace-basics,"25 mar 2020 - With our G Suite by Google integration, you can create email addresses for your custom domain. You'll get access to other features like..."
G Suite Tips,https://gsuitetips.com/,"Tips Tricks and Tools to help you get the most from G Suite. ... Add a watermark to your Google Docs to indicate their state (draft, confidential etc.) ..."
G Suite Updates Blog,https://gsuiteupdates.googleblog.com/,"Subscribe for the latest updates on G Suite products and features. ... Create pointers to any file or folder in Google Drive with shortcuts. March 26, 2020."
G Suite toolbox,https://toolbox.googleapps.com/apps/main/,"Log Analyzer enables you you to analyze log files generated by Google products, including Chrome, G Suite Sync for Microsoft Outlook and Google Cloud ..."
UW Google G Suite for Education | IT Connect,https://itconnect.uw.edu/connect/email/google-apps/,"UW G Suite is similar to Google's consumer apps, but free of advertising and with greater privacy protection. UW G Suite includes Gmail, Drive, Calendar, and ..."
Google dla organizacji non-profit: poznaj G Suite - Centrum ...,http://pomoc.techsoup.pl/google4nonprofits/google-dla-organizacji-non-profit-poznaj-g-suite,"G Suite Basic pozwala usprawnić codzienną pracę twojej organizacji, dzięki dostępowi do najważniejszych aplikacji biurowych na dysku Google o pojemności ..."
G Suite | by Google Cloud - Business Display - BenQ,https://business-display.benq.com/en/findproduct/software/google-cloud/g-suite.html,Revolutionize Enterprise Collaboration through Google G Suite G Suite is the ultimate intelligent business cloud solution designed for seamless enterprise ...
W celu realizacji zdalnego nauczania uruchomiliśmy ...,https://psmlubaczow.pl/w-celu-realizacji-zdalnego-nauczania-uruchomilismy-platforme-g-suite-dla-szkol-i-uczelni/,24 mar 2020 - Aplikacje Google G Suite umożliwiają efektywną pracę zdalną pomiędzy nauczycielami i uczniami. Dzięki Hangouts Meet nauczyciele mają ...
From Gmail to Gfail: Google's G-Suite topples over for unlucky ...,https://www.theregister.co.uk/2020/03/26/google_gsuite_outage/,"26 mar 2020 - The G-Suite admin console and Classroom services were also down. Basically, Google said users reported being unable to access its platforms."
G Suite Administration | Coursera,https://www.coursera.org/specializations/g-suite-administration,Learn G Suite Administration from Google Cloud. The G Suite Administration Specialization has been developed to help administrators master the foundations of ...
Configuring Zoom with G Suite / Google Apps – Zoom Help ...,https://support.zoom.us/hc/en-us/articles/115004396563-Configuring-Zoom-with-G-Suite-Google-Apps,"17 mar 2020 - Enable the Zoom App in Google. From the Admin console in Google, go to Apps and then SAML apps. To see Apps on the Home page, you might ..."
"Gmail dla firm, poczta firmowa, GSuite Google dla firm",https://forevercloud.pl/,G Suite · Usługi GSuite · GSUITE a bezpieczeństwo i RODO · Dlaczego warto? Cennik · Blog · FAQ · Kontakt · polski. angielski. x; G Suite · Usługi GSuite ...
Google Suite - poczta bez spamu : Thecamels,https://thecamels.org/pl/google-suite/,Wykorzystaj w pełni pracę z narzędziami Google Suite w swojej firmie. Wyobraź ... wyszukiwanie w G Suite przy użyciu Cloud Search; Regiony danych G Suite.
Google pitches free trials of its enterprise G Suite conferencing ...,https://techcrunch.com/2020/03/03/google-pitches-free-trials-of-its-enterprise-g-suite-conferencing-tools-as-part-of-a-coronavirus-response/,3 mar 2020 - Google said in a blog post that it would roll out free access to advanced Hangouts Meet video-conferencing capabilities to all G Suite and G ...
"G Suite – Business email, docs, and more on your domain name",https://www.name.com/gsuite,"The power of Google in your hands. G Suite offers custom email for your domain, online storage, shared calendars and more from Google Cloud. G Suite Basic."
Google Cloud Partner Directory | Google Cloud,https://cloud.withgoogle.com/partners,"Find the right Google Cloud partner. Choose from ... Managed Services Provider, Cloud Search, G Suite Enterprise for Education. place. United States, Canada ..."
G Suite by Google Cloud - nowa usługa Direct IT,https://directit.pl/uslugi-informatyczne/uslugi-g-suite-by-google-cloud,Direct IT oferuje usługi wdrożenia Google dla firm – G Suite. Google udostępnia pakiety do wyboru dla małych i średnich firm.
G Suite by Google Cloud Enterprise - subscription license (1 ...,https://www.cdw.com/product/google-g-suite-enterprise/4899329,"G Suite from Google is a set of intelligent apps including Gmail, Docs, Drive and Calendar to connect the people in your company, no matter where in the world ..."
The Ultimate Guide to G Suite - a Free Google Apps Book ...,https://zapier.com/learn/g-suite/,"All you need is a G Suite account, which for $5/month per user will give you the business versions of Gmail, Google Docs, Google Drive, and every other app in ..."
G Suite - Strona główna | Facebook,https://pl-pl.facebook.com/gsuitebygoogle/,"Welcome to the G Suite Facebook page, a place to learn about the tools you love and how they help... ... Mention users via comments in Google Slides."
G Suite by Google Cloud | Verizon Enterprise Solutions,https://enterprise.verizon.com/products/mobility/mobile-business-solutions/g-suite/,"With G Suite by Google Cloud, you get a collection of powerful business and collaboration solutions running on the Verizon 4G LTE network, so your employees ..."
Google wprowadza do G Suite technologię AI - Computerworld,"https://www.computerworld.pl/news/Google-wprowadza-do-G-Suite-technologie-AI,416875.html","27 lis 2019 - Google po raz pierwszy ogłosił, że wprowadzi do usługi G Suite swojego asystenta głosowego wspierającego technologię sztucznej inteligencji ..."
Jak uzyskać autoryzację Google na korzystanie z pakietu ...,https://www.qnap.com/pl-pl/how-to/tutorial/con_show.php?cid=389,"2 wrz 2019 - Informacje ogólnePakiet Boxafe for G Suite uzyskuje autoryzację za pośrednictwem OAuth 2.0 Google, zapewniając bezpieczeństwo poprzez ..."
G Suite vs. Office 365: What's the best office suite for business ...,https://www.computerworld.com/article/3515808/g-suite-vs-office-365-whats-the-best-office-suite-for-business.html,"3 lut 2020 - Choosing an office suite used to be a no-brainer, but Google's G Suite is now a powerful, feature-filled alternative to Microsoft Office. We break ..."
G Suite (formerly Google Apps) - UW–⁠Madison Information ...,https://it.wisc.edu/services/google-apps/,"UW-Madison G Suite is a collection of cloud-based productivity and collaborative tools including: Google Drive, Google Docs, Google Sheets, Google Sites, ..."
"Google - hasła użytkownikow G Suite nieszyfrowane, maj 2019",https://businessinsider.com.pl/technologie/nowe-technologie/google-hasla-uzytkownikow-g-suite-nieszyfrowane-maj-2019/gkgy7fk,"22 maj 2019 - ... Hasła części użytkowników G Suite były przechowywane w formie czystego tekstu, ale na szyfrowanych serwerach - poinformowało Google."
G Suite: poczta e-mail dla firm. Bezpiecznie i bez spamu – AZ.pl,https://az.pl/poczta/,"G Suite to pakiet aplikacji od Google, dzięki którym prowadzenie biznesu staje się łatwiejsze. Otrzymujesz dostęp do plików tekstowych, arkusza kalkulacyjnego ..."
G Suite for Oregon State | Information Services | Information ...,https://is.oregonstate.edu/google,"G Suite for Oregon State Students. Collaborate on projects, secure your files, build rich multimedia presentations and more with G Suite applications from Google."
The 3 Ways to Get G Suite for Free - FYI,https://usefyi.com/g-suite-free/,"This also gives you access to the standard G Suite products like Google Docs, Slides, and Sheets. Then you'll point your company email to your Gmail account ..."
G suite business,https://auroraalfonso.com/tcans/g-suite-business.html,"Is it worth Google G Suite ( Gmail, Docs, Drive, and Calendar for business ) on your Domain Name ( your website name ). G Suite of Google applications that ..."
Efektywna praca NGO dzięki pakietowi G Suite (Google ...,https://www.wroclaw.pl/rozmawia/efektywna-praca-ngo-dzieki-pakietowi-g-suite-google,9 paź 2019 - Program szkolenia: 1. Możliwości narzędzi G Suite 2. Wstępna konfiguracja 3. Wprowadzenie do Google Grants 4. Kreatywne wykorzystanie 5.
Konfiguracja poczty G Suite (Google Apps) :: Forum - wFirma.pl,https://forum.wfirma.pl/temat/5158-konfiguracja-poczty-g-suite-google-apps,Potrzebuję skonfigurować pocztę G Suite (Google Apps) aby maile z FV i innymi dokumentami były wysyłane z mojej domeny. zgodnie z ...
"What is G Suite, Anyway? - HowToGeek",https://www.howtogeek.com/411808/what-is-g-suite-anyway/,"12 lis 2019 - G Suite is a collection of enterprise-based products—like Gmail, Drive, Docs, Sheets, and so on—offered by Google via a monthly subscription ..."
Copper: CRM Software Built For Google & G-Suite,https://www.copper.com/,"When you need CRM software that works with G Suite, you need Copper. Give us a try and see how we can help your business build stronger customer ..."
G suite bandwidth requirements - eFKa Wiele,http://efka-wiele.pl/xazplf/g-suite-bandwidth-requirements.html,"G Suite for Education offers a subset of Google apps and services to registered users. When you login to G Suite admin user console, choose the 'Users' option."
Google small business email - Rembudex,https://www.rembudex.pl/pnejcm1/google-small-business-email.html,"Google small business email. If you want to use Gmail for your business, a G Suite account might be better for you than a personal Business Email: Get custom ..."
"Google's Javier Soltero on G Suite, Hangouts and Microsoft ...",https://www.protocol.com/javier-soltero-google-microsoft-interview,"4 dni temu - Javier Soltero used to be in charge of Office products at Microsoft. Now he's at Google, heading G Suite and trying to challenge his former ..."
G Suite by Google Cloud (for Business) Review | PCMag,https://www.pcmag.com/reviews/g-suite-by-google-cloud-for-business,"29 mar 2019 - G Suite is Google's flagship hosted email, collaboration, and productivity suite. Priced at $10 per user, per month as tested, G Suite stands out ..."
The Ridiculously Simple Guide to Google Apps (G Suite): A ...,https://books.google.pl/books?id=kNquDwAAQBAJ&pg=PT42&lpg=PT42&dq=Google+g+suite&source=bl&ots=ptklLTStBY&sig=ACfU3U08kLGJ2Mm603VPpDBUzFvnbXf4eA&hl=pl&sa=X&ved=2ahUKEwiR0Mz_kdToAhWBrIsKHR2eC1w4UBDoATAAegQIDBAt,"A Practical Guide to Google Drive Google Docs, Google Sheets, Google Slides, and Google Forms Scott La Counte. You can unlink the document, for example, ..."
Jak połączyć G Suite z Smarthost? – luźne porady hostingowe,https://www.smarthost.pl/blog/jak-polaczyc-g-suite-z-smarthost,"17 kwi 2019 - wytycznych googla, oraz dodajemy brakujące, tak jak na przykładzie poniżej. Rekord MX. Nazwa/host/alias, Wartość TTL (Time to Live)*, Typ ..."
G Suite for Education - Didattica a distanza - Nuovo Coronavirus,https://www.istruzione.it/coronavirus/didattica-a-distanza_google-education.html,"Per far fronte all'emergenza COVID-19, fino al 1 luglio 2020, Google mette a disposizione di tutte le scuole che utilizzano G Suite for Education alcune ..."
G Suite dla wydajniejszej pracy gdziekolwiek jesteś - Blog o ...,https://www.sunrisesystem.pl/blog/2101-g-suite-dla-wydajniejszej-pracy-gdziekolwiek-jestes.html,"9 lut 2017 - Google podkreśla, że G Suite może być wykorzystywany przez różnego rodzaju organizacje non-profit, które zrzeszają ludzi z całego świata."
G Suite | TechRadar,https://www.techradar.com/news/g-suite-review,"Google G Suite review. By David Nield September 14, 2018. Go all-Google with your business. Shares. G Suite review. Back in 2006 when Google bought the ..."
Hands-On G Suite for Administrators: Build and manage any ...,https://books.google.pl/books?id=vc6PDwAAQBAJ&pg=PA1&lpg=PA1&dq=Google+g+suite&source=bl&ots=IDHME6xyIb&sig=ACfU3U15xWNQDBTJ7a4AGyQxQMXLtjKcVQ&hl=pl&sa=X&ved=2ahUKEwiR0Mz_kdToAhWBrIsKHR2eC1w4UBDoATAFegQIDBA1,"G Suite is a cloud-based office suite created by Google that allows businesses to operate without many of the complications associated with traditional software, ..."
G Suite users get free Hangouts Meet upgrades through ...,https://www.androidpolice.com/2020/04/03/g-suite-users-get-free-hangouts-meet-upgrades-through-june-in-response-to-covid-19-crisis/,3 dni temu - ... save meetings directly to Google Drive. G Suite administrators should have received a message with instructions regarding the free features.
Google Tools Meets Middle School - Strona 6-3 - Wynik z Google Books,https://books.google.pl/books?id=2KSbDgAAQBAJ&pg=SA6-PA3&lpg=SA6-PA3&dq=Google+g+suite&source=bl&ots=McB2FDQdBk&sig=ACfU3U1xCLtwQoTu3hhOhl3E3rZgGZLd9w&hl=pl&sa=X&ved=2ahUKEwiR0Mz_kdToAhWBrIsKHR2eC1w4UBDoATAHegQIDBA9,"Create a Google Sheet in advance, naming a column: Height in Centimeters 2. Share the ... Download as is a common command in the G Suite. It lets the user ..."
G Suite Sync for Microsoft Outlook: When Foes Become Friends,https://www.business2community.com/tech-gadgets/g-suite-sync-for-microsoft-outlook-when-foes-become-friends-02297001,"6 dni temu - GSSMO syncs your Google account with Outlook, allowing you to access emails, calendars, contacts and more. You can essentially keep using ..."
G suite sign in,https://www.athlonroma.it/dmddr67/g-suite-sign-in.html,"G Suite, formerly known as Google Apps, is a popular online suite used by millions of small and medium-sized businesses. Navigate to the Connections ..."
"G Suite Introduces ""Super-Powered Search"" with Search Chips",https://manofmany.com/tech/computers/g-suite-search-chips,"1 dzień temu - Google has been working on improving your odds in that search, and they recently released a new feature that will make looking for emails ..."
G suite account youtube,https://sdac-helpline.co.uk/bvhpbobr/g-suite-account-youtube.html,What is WCPSS G Suite? WCPSS Google Apps is a suite of web-based messaging and collaboration applications hosted by Google and managed by WCPSS.
G Suite Admin,http://tuit.srmweb.it/g-suite-admin.html,"Sign in - Google Accounts. Administration of users in G Suite / Google apps Link: thexvid. Deliver value with built-in, multi-layer security and 24/7 support at no ..."
G suite for education india - Magneto IT Solutions,http://magnetoitsolutions.com/wnvg2nh/g-suite-for-education-india.html,"Google Classroom was announced on May 6, 2014, with a preview available for some members of Google's G Suite for Education program. Question: Why G ..."
G suite chromebook - Art & Beauty,https://test.artandbeauty.nl/pqyp/g-suite-chromebook.html,"Due to the growing media coverage and concerns people may have Google offers free G Suite for education, but Chromebooks licenses must be paid for."
(2020-2025) G Suite Technology Services Market – Trends ...,https://sciencein.me/2020/04/05/2020-2025-g-suite-technology-services-market-trends-leading-players-google-agosto-capgemini-maven-wave-perpetual-west-sada-systems-coolhead-tech-cloudypedia/,"1 dzień temu - (2020-2025) G Suite Technology Services Market – Trends & Leading Players| Google, Agosto, Capgemini, Maven Wave, Perpetual West, SADA ..."
G Suite - Foggia,http://svii.casaincentrofoggia.it/g-suite.html,"From Google: Get Gmail, Docs, Drive, and Calendar for business. With G Suite through Domain. You're likely familiar with most of them: Gmail, Google Drive, ..."
Junior Software Developer (Technical Support) - Google G Suite,http://www.infojobs.net/barcelona/junior-software-developer-technical-support-google-g-suite/of-ifc90040803465290e76d5a7c7087fa,6 godzin temu - Trabaja de Junior Software Developer (Technical Support) - Google G Suite en la empresa Webhelp Spain. Envía tu curriculum vitae a ...
G suite calendar hangouts - Futuro 2000 Srl,http://www.futuro2000.it/saq39t/g-suite-calendar-hangouts.html,"Jun 13, 2018 · Google made Hangouts Chat available to G Suite subscribers earlier this ... Firefox works great with Google Docs, Hangouts and G Suite. check."
G suite free,https://oakleyheating.com/hbdmdwzyx/g-suite-free.html,"That's the In this tutorial, you'll learn how to integrate G Suite with Azure Active Directory (Azure AD). Start Free Trial. Previously entitled Google Apps for Work, ..."
